{
  "hash": "bd3656e3",
  "configHash": "3d44cc3c",
  "lockfileHash": "4908fae5",
  "browserHash": "8ea05344",
  "optimized": {
    "@angular/animations": {
      "src": "../../../../../../node_modules/@angular/animations/fesm2022/animations.mjs",
      "file": "@angular_animations.js",
      "fileHash": "a0ea05c1",
      "needsInterop": false
    },
    "@angular/common": {
      "src": "../../../../../../node_modules/@angular/common/fesm2022/common.mjs",
      "file": "@angular_common.js",
      "fileHash": "29fdd296",
      "needsInterop": false
    },
    "@angular/common/http": {
      "src": "../../../../../../node_modules/@angular/common/fesm2022/http.mjs",
      "file": "@angular_common_http.js",
      "fileHash": "f47f25a1",
      "needsInterop": false
    },
    "@angular/core": {
      "src": "../../../../../../node_modules/@angular/core/fesm2022/core.mjs",
      "file": "@angular_core.js",
      "fileHash": "b4f4b331",
      "needsInterop": false
    },
    "@angular/platform-browser": {
      "src": "../../../../../../node_modules/@angular/platform-browser/fesm2022/platform-browser.mjs",
      "file": "@angular_platform-browser.js",
      "fileHash": "8e4b1efc",
      "needsInterop": false
    },
    "@angular/platform-browser/animations": {
      "src": "../../../../../../node_modules/@angular/platform-browser/fesm2022/animations.mjs",
      "file": "@angular_platform-browser_animations.js",
      "fileHash": "a39144a9",
      "needsInterop": false
    },
    "@angular/router": {
      "src": "../../../../../../node_modules/@angular/router/fesm2022/router.mjs",
      "file": "@angular_router.js",
      "fileHash": "f39e4511",
      "needsInterop": false
    },
    "rxjs": {
      "src": "../../../../../../node_modules/rxjs/dist/esm5/index.js",
      "file": "rxjs.js",
      "fileHash": "e1f5a155",
      "needsInterop": false
    },
    "zone.js": {
      "src": "../../../../../../node_modules/zone.js/fesm2015/zone.js",
      "file": "zone__js.js",
      "fileHash": "a4b04162",
      "needsInterop": true
    }
  },
  "chunks": {
    "chunk-53DGU4C2": {
      "file": "chunk-53DGU4C2.js"
    },
    "chunk-PYYS4CTB": {
      "file": "chunk-PYYS4CTB.js"
    },
    "chunk-GFG2VN7A": {
      "file": "chunk-GFG2VN7A.js"
    },
    "chunk-KAPQ3CRC": {
      "file": "chunk-KAPQ3CRC.js"
    },
    "chunk-SFIHTEYX": {
      "file": "chunk-SFIHTEYX.js"
    },
    "chunk-5KK3G4LL": {
      "file": "chunk-5KK3G4LL.js"
    },
    "chunk-KJSPSYM2": {
      "file": "chunk-KJSPSYM2.js"
    },
    "chunk-3KKC7HMJ": {
      "file": "chunk-3KKC7HMJ.js"
    },
    "chunk-WDMUDEB6": {
      "file": "chunk-WDMUDEB6.js"
    }
  }
}